stamp,label,torso_distance_norm,wrap_score,lift_score,feet_off_ground_score,limb_speed_score,limb_accel_score,co_motion_score,state
1779516181.7134888,near_suspicious,7.405393123626709,0.0,0.0,0.0,0.0,0.0,0.0,observing
1779516182.1133368,near_suspicious,7.3318986892700195,0.0,0.0,0.0,0.0,0.0,0.0,observing
1779516183.779889,near_suspicious,5.651165008544922,0.0,0.0,0.0,0.0,0.0,0.0,observing
1779516184.113159,near_suspicious,4.656097412109375,0.0,0.0,0.0,0.0,0.0,0.0,observing
1779516184.2468767,near_suspicious,4.216331958770752,0.0,0.0,0.0,0.0,0.0,0.0,observing
1779516184.313658,near_suspicious,4.040710926055908,0.0,0.0,0.0,0.0,0.0,0.0,observing
1779516184.379851,near_suspicious,3.922393560409546,0.0,0.0,0.0,0.0,0.0,0.0,observing
1779516184.4468133,near_suspicious,3.776798963546753,0.0,0.0,0.0,0.0,0.0,0.0,observing
1779516184.5128107,near_suspicious,3.6097447872161865,0.0,0.0,0.0,0.0,0.0,0.0,observing
1779516184.5796995,near_suspicious,3.42669677734375,0.0,0.0,0.0,0.0,0.0,0.0,observing
1779516184.7130513,near_suspicious,3.0548267364501953,0.08415425568819046,0.0,0.0,0.0,0.0,0.0,observing
1779516184.7797887,near_suspicious,2.870051622390747,0.20253905653953552,0.0,0.0,0.0,0.0,0.0,observing
1779516184.8468797,near_suspicious,2.717928647994995,0.3537972867488861,0.0,0.0,0.0,0.0,0.0,observing
1779516184.913288,near_suspicious,2.5638604164123535,0.4368990361690521,0.0,0.0,0.0,0.0,0.0,observing
1779516184.9800687,near_suspicious,2.4399912357330322,0.5492284297943115,0.0,0.0,0.0,0.0,0.0,observing
1779516185.0464966,near_suspicious,2.301111936569214,0.6974737048149109,0.0,0.0,0.0,0.0,0.0,observing
1779516185.1136684,near_suspicious,2.1186447143554688,0.851280927658081,0.0,0.0,0.0,0.0,0.0,observing
1779516185.246633,near_suspicious,1.9503207206726074,0.8537547588348389,0.0,0.0,0.0,0.0,0.0,observing
1779516185.312969,near_suspicious,1.891828179359436,1.0,0.0,0.0,0.0,0.0,0.0,observing
1779516185.4461162,near_suspicious,1.797902226448059,1.0,0.0,0.0,0.0,0.0,0.0,observing
1779516185.5135214,near_suspicious,1.7936476469039917,1.0,0.0,0.0,0.0,0.0,0.0,observing
1779516185.5828114,near_suspicious,1.788547396659851,1.0,0.0,0.0,0.0,0.0,0.0,observing
1779516185.7153275,near_suspicious,1.798824429512024,1.0,0.0,0.0,0.0,0.0,0.0,observing
1779516185.7819955,near_suspicious,1.8036233186721802,1.0,0.0,0.0,0.0,0.0,0.0,observing
1779516185.847052,near_suspicious,1.829342246055603,1.0,0.0,0.0,0.0,0.0,0.0,observing
1779516185.9799695,near_suspicious,1.9174529314041138,0.6206001043319702,0.0,0.0,0.0,0.0,0.0,observing
1779516186.0470605,near_suspicious,1.8898159265518188,0.4583207964897156,0.0,0.0,0.0,0.0,0.0,observing
1779516186.1137323,near_suspicious,1.9011762142181396,0.21026179194450378,0.0,0.0,0.0,0.0,0.0,observing
1779516186.2527585,near_suspicious,1.894012212753296,0.0,0.0,0.0,0.0,0.0,0.0,observing
1779516186.3135858,near_suspicious,1.9017256498336792,0.0,0.0,0.0,0.0,0.0,0.0,observing
1779516186.4471807,near_suspicious,1.8812742233276367,0.0,0.0,0.0,0.0,0.0,0.0,observing
1779516186.513435,near_suspicious,1.876793622970581,0.0,0.0,0.0,0.0,0.0,0.0,observing
1779516186.6495657,near_suspicious,1.8470900058746338,0.0,0.0,0.0,0.0,0.0,0.0,observing
1779516186.780198,near_suspicious,1.8393069505691528,0.0,0.0,0.0,0.0,0.0,0.0,observing
1779516186.8513095,near_suspicious,1.8372044563293457,0.0,0.0,0.0,0.0,0.0,0.0,observing
1779516186.9802184,near_suspicious,1.8357218503952026,0.0,0.0,0.0,0.0,0.0,0.0,observing
1779516187.046098,near_suspicious,1.8421915769577026,0.0,0.0,0.0,0.0,0.0,0.0,observing
1779516187.1135762,near_suspicious,1.8517545461654663,0.0,0.0,0.0,0.0,0.0,0.0,observing
1779516187.2470148,near_suspicious,1.8472955226898193,0.0,0.0,0.0,0.0,0.0,0.0,observing
1779516187.3137064,near_suspicious,1.87021803855896,0.0,0.0,0.0,0.0,0.0,0.0,observing
1779516187.380289,near_suspicious,1.8689844608306885,0.0,0.0,0.0,0.0,0.0,0.0,observing
1779516187.513633,near_suspicious,1.8651851415634155,0.0,0.0,0.0,0.0,0.0,0.0,observing
1779516187.5801733,near_suspicious,1.8637689352035522,0.0,0.0,0.0,0.0,0.0,0.0,observing
1779516187.6464474,near_suspicious,1.8709360361099243,0.0,0.0,0.0,0.0,0.0,0.0,observing
1779516187.7797363,near_suspicious,1.846783995628357,0.0,0.0,0.0,0.0,0.0,0.0,observing
1779516187.8468275,near_suspicious,1.8223868608474731,0.0,0.0,0.0,0.0,0.0,0.0,observing
1779516187.9814625,near_suspicious,1.8251582384109497,0.0,0.0,0.0,0.0,0.0,0.0,observing
1779516188.0491588,near_suspicious,1.8410269021987915,0.0,0.0,0.0,0.0,0.0,0.0,observing
1779516188.1797976,near_suspicious,1.7898222208023071,0.0014736397424712777,0.0,0.0,0.0,0.0,0.0,observing
1779516188.2466104,near_suspicious,1.7625830173492432,0.22907504439353943,0.0,0.0,0.0,0.0,0.0,observing
1779516188.3799891,near_suspicious,1.7934480905532837,0.5725179314613342,0.0,0.0,0.0,0.0,0.0,observing
1779516188.4472733,near_suspicious,1.8047471046447754,0.651157557964325,0.0,0.0,0.0,0.0,0.0,observing
1779516188.5133438,near_suspicious,1.7858439683914185,0.7278814315795898,0.0,0.0,0.0,0.0,0.0,observing
1779516188.6468515,near_suspicious,1.7551414966583252,0.7828022837638855,0.0,0.0,0.0,0.0,0.0,observing
1779516188.713899,near_suspicious,1.7618011236190796,0.7499558925628662,0.0,0.0,0.0,0.0,0.0,observing
1779516188.8467822,near_suspicious,1.953343152999878,0.5418478846549988,0.0,0.0,0.0,0.0,0.0,observing
1779516188.9132247,near_suspicious,2.035386800765991,0.4091871976852417,0.0,0.0,0.0,0.0,0.0,observing
1779516188.9806871,near_suspicious,2.1069514751434326,0.32121944427490234,0.0,0.0,0.0,0.0,0.0,observing
1779516189.1138225,near_suspicious,2.4905784130096436,0.15370632708072662,0.0,0.0,0.0,0.0,0.0,observing
1779516189.180176,near_suspicious,2.668613910675049,0.18027973175048828,0.0,0.0,0.0,0.0,0.0,observing
1779516189.3128724,near_suspicious,3.016972303390503,0.06702900677919388,0.0,0.0,0.0,0.0,0.0,observing
1779516189.3801003,near_suspicious,3.1501948833465576,0.03179212287068367,0.0,0.0,0.0,0.0,0.0,observing
1779516189.446895,near_suspicious,3.2900102138519287,0.0,0.0,0.0,0.0,0.0,0.0,observing
1779516189.5805793,near_suspicious,3.4143588542938232,0.0,0.0,0.0,0.0,0.0,0.0,observing
1779516189.6479137,near_suspicious,3.584188461303711,0.0,0.0,0.0,0.0,0.0,0.0,observing
1779516189.7148185,near_suspicious,3.790959358215332,0.0,0.0,0.0,0.0,0.0,0.0,observing
1779516189.8467937,near_suspicious,4.271671295166016,0.0,0.0,0.0,0.0,0.0,0.0,observing
1779516189.9149418,near_suspicious,4.4282612800598145,0.0,0.0,0.0,0.0,0.0,0.0,observing
1779516189.982844,near_suspicious,4.498551845550537,0.0,0.0,0.0,0.0,0.0,0.0,observing
1779516190.1131983,near_suspicious,4.898118019104004,0.0,0.0,0.0,0.0,0.0,0.0,observing
1779516190.1806972,near_suspicious,5.067145347595215,0.0,0.0,0.0,0.0,0.0,0.0,observing
1779516190.3138099,near_suspicious,5.427283763885498,0.0,0.0,0.0,0.0,0.0,0.0,observing
1779516190.3800647,near_suspicious,5.654616355895996,0.0,0.0,0.0,0.0,0.0,0.0,observing
1779516190.447226,near_suspicious,5.838949203491211,0.0,0.0,0.0,0.0,0.0,0.0,observing
1779516190.5801554,near_suspicious,5.933775424957275,0.0,0.0,0.0,0.0,0.0,0.0,observing
1779516190.64717,near_suspicious,6.259411334991455,0.0,0.0,0.0,0.0,0.0,0.0,observing
1779516190.714704,near_suspicious,6.343656539916992,0.0,0.0,0.0,0.0,0.0,0.0,observing
1779516190.8489473,near_suspicious,6.518829822540283,0.0,0.0,0.0,0.0,0.0,0.0,observing
1779516190.9131873,near_suspicious,6.520988941192627,0.0,0.0,0.0,0.0,0.0,0.0,observing
1779516191.0463743,near_suspicious,6.697203159332275,0.0,0.0,0.0,0.0,0.0,0.0,observing
1779516191.1135132,near_suspicious,6.788878917694092,0.0,0.0,0.0,0.0,0.0,0.0,observing
1779516191.247152,near_suspicious,6.911570072174072,0.0,0.0,0.0,0.0,0.0,0.0,observing
1779516191.3134713,near_suspicious,6.9983978271484375,0.0,0.0,0.0,0.0,0.0,0.0,observing
1779516191.3820815,near_suspicious,7.027004718780518,0.0,0.0,0.0,0.0,0.0,0.0,observing
1779516191.513816,near_suspicious,7.010818958282471,0.0,0.0,0.0,0.0,0.0,0.0,observing
1779516191.5810673,near_suspicious,7.059185981750488,0.0,0.0,0.0,0.0,0.0,0.0,observing
1779516191.7128313,near_suspicious,6.88499116897583,0.0,0.0,0.0,0.0,0.0,0.0,observing
1779516191.7798645,near_suspicious,6.913534641265869,0.0,0.0,0.0,0.0,0.0,0.0,observing
1779516191.846116,near_suspicious,6.948962688446045,0.0,0.0,0.0,0.0,0.0,0.0,observing
1779516191.979406,near_suspicious,7.014626979827881,0.0,0.0,0.0,0.0,0.0,0.0,observing
1779516192.0470788,near_suspicious,6.999732494354248,0.0,0.0,0.0,0.0,0.0,0.0,observing
1779516192.1132696,near_suspicious,6.999687194824219,0.0,0.0,0.0,0.0,0.0,0.0,observing
1779516192.2465618,near_suspicious,6.984223365783691,0.0,0.0,0.0,0.0,0.0,0.0,observing
1779516192.3133867,near_suspicious,7.0052080154418945,0.0,0.0,0.0,0.0,0.0,0.0,observing
1779516192.4470851,near_suspicious,7.084340572357178,0.0,0.0,0.0,0.0,0.0,0.0,observing
1779516192.5134063,near_suspicious,6.851146697998047,0.0,0.0,0.0,0.0,0.0,0.0,observing
1779516192.5804958,near_suspicious,6.7960100173950195,0.0,0.0,0.0,0.0,0.0,0.0,observing
1779516192.7135077,near_suspicious,6.809901237487793,0.0,0.0,0.0,0.0,0.0,0.0,observing
1779516192.7798884,near_suspicious,6.714308738708496,0.0,0.0,0.0,0.0,0.0,0.0,observing
1779516192.9131732,near_suspicious,6.229425430297852,0.0,0.0,0.0,0.0,0.0,0.0,observing
1779516192.980211,near_suspicious,6.1749186515808105,0.0,0.0,0.0,0.0,0.0,0.0,observing
1779516193.1141014,near_suspicious,5.7393975257873535,0.0,0.0,0.0,0.0,0.0,0.0,observing
1779516193.1798136,near_suspicious,5.607057571411133,0.0,0.0,0.0,0.0,0.0,0.0,observing
1779516193.2473392,near_suspicious,5.603262424468994,0.0,0.0,0.0,0.0,0.0,0.0,observing
1779516193.3803012,near_suspicious,5.362969875335693,0.0,0.0,0.0,0.0,0.0,0.0,observing
1779516193.4490547,near_suspicious,5.261594295501709,0.0,0.0,0.0,0.0,0.0,0.0,observing
1779516193.5798504,near_suspicious,4.9354047775268555,0.0,0.0,0.0,0.0,0.0,0.0,observing
1779516193.6466134,near_suspicious,4.7721848487854,0.0,0.0,0.0,0.0,0.0,0.0,observing
1779516193.7131193,near_suspicious,4.689821243286133,0.0,0.0,0.0,0.0,0.0,0.0,observing
1779516193.8478835,near_suspicious,4.368006229400635,0.0,0.0,0.0,0.0,0.0,0.0,observing
1779516193.9153516,near_suspicious,4.285529613494873,0.0,0.0,0.0,0.0,0.0,0.0,observing
1779516193.9798257,near_suspicious,4.228515148162842,0.0,0.0,0.0,0.0,0.0,0.0,observing
1779516194.1130872,near_suspicious,3.797086000442505,0.0,0.0,0.0,0.0,0.0,0.0,observing
1779516194.1812694,near_suspicious,3.725888729095459,0.0,0.0,0.0,0.0,0.0,0.0,observing
1779516194.2475402,near_suspicious,3.5304830074310303,0.0,0.0,0.0,0.0,0.0,0.0,observing
1779516194.3811417,near_suspicious,3.1052794456481934,0.000761417846661061,0.0,0.0,0.0,0.0,0.0,observing
1779516194.4469762,near_suspicious,2.9643144607543945,0.12017754465341568,0.0,0.0,0.0,0.0,0.0,observing
1779516194.5130632,near_suspicious,2.8700919151306152,0.27873870730400085,0.0,0.0,0.0,0.0,0.0,observing
1779516194.6465256,near_suspicious,2.675605058670044,0.4513756334781647,0.0,0.0,0.0,0.0,0.0,observing
1779516194.7136648,near_suspicious,2.6193623542785645,0.5559526681900024,0.0,0.0,0.0,0.0,0.0,observing
1779516194.7807808,near_suspicious,2.5286214351654053,0.5846251845359802,0.0,0.0,0.0,0.0,0.0,observing
1779516194.9174035,near_suspicious,2.3873276710510254,0.6576230525970459,0.0,0.0,0.0,0.0,0.0,observing
1779516194.9845798,near_suspicious,2.3686513900756836,0.7272259593009949,0.0,0.0,0.0,0.0,0.0,observing
1779516195.1137216,near_suspicious,2.1638898849487305,0.8425955772399902,0.0,0.0,0.0,0.0,0.0,observing
1779516195.1800287,near_suspicious,2.067707061767578,0.7895005941390991,0.0,0.0,0.0,0.0,0.0,observing
1779516195.313158,near_suspicious,1.9169422388076782,1.0,0.0,0.0,0.0,0.0,0.0,observing
1779516195.3801653,near_suspicious,1.8431308269500732,1.0,0.0,0.0,0.0,0.0,0.0,observing
1779516195.4464743,near_suspicious,1.7942399978637695,1.0,0.0,0.0,0.0,0.0,0.0,observing
1779516195.5815196,near_suspicious,1.7441799640655518,1.0,0.0,0.0,0.0,0.0,0.0,observing
1779516195.6475234,near_suspicious,1.7529494762420654,1.0,0.0,0.0,0.0,0.0,0.0,observing
1779516195.7804945,near_suspicious,1.7775577306747437,1.0,0.0,0.0,0.0,0.0,0.0,observing
1779516195.8468475,near_suspicious,1.8312902450561523,1.0,0.0,0.0,0.0,0.0,0.0,observing
1779516195.9801471,near_suspicious,1.8801506757736206,0.601253092288971,0.0,0.0,0.0,0.0,0.0,observing
1779516196.0473642,near_suspicious,1.906113862991333,0.45820191502571106,0.0,0.0,0.0,0.0,0.0,observing
1779516196.1147966,near_suspicious,1.9085593223571777,0.2553485929965973,0.0,0.0,0.0,0.0,0.0,observing
1779516196.2482314,near_suspicious,1.9260588884353638,0.0,0.0,0.0,0.0,0.0,0.0,observing
1779516196.3153307,near_suspicious,1.9563051462173462,0.0,0.0,0.0,0.0,0.0,0.0,observing
1779516196.381207,near_suspicious,1.942495346069336,0.0,0.0,0.0,0.0,0.0,0.0,observing
1779516196.513464,near_suspicious,1.9146826267242432,0.0,0.0,0.0,0.0,0.0,0.0,observing
1779516196.582431,near_suspicious,1.9338231086730957,0.0,0.0,0.0,0.0,0.0,0.0,observing
1779516196.6489723,near_suspicious,1.9505009651184082,0.0,0.0,0.0,0.0,0.0,0.0,observing
1779516196.7820873,near_suspicious,1.949078917503357,0.0,0.0,0.0,0.0,0.0,0.0,observing
1779516196.8476367,near_suspicious,1.9498320817947388,0.0,0.0,0.0,0.0,0.0,0.0,observing
1779516196.9162903,near_suspicious,1.9574109315872192,0.0,0.0,0.0,0.0,0.0,0.0,observing
1779516197.0478725,near_suspicious,1.9434651136398315,0.0,0.0,0.0,0.0,0.0,0.0,observing
1779516197.1141155,near_suspicious,1.9498661756515503,0.0,0.0,0.0,0.0,0.0,0.0,observing
1779516197.2471747,near_suspicious,1.9358162879943848,0.0,0.0,0.0,0.0,0.0,0.0,observing
1779516197.3135788,near_suspicious,1.9446077346801758,0.0,0.0,0.0,0.0,0.0,0.0,observing
1779516197.3804886,near_suspicious,1.9464099407196045,0.0,0.0,0.0,0.0,0.0,0.0,observing
1779516197.515296,near_suspicious,1.9285626411437988,0.0,0.0,0.0,0.0,0.0,0.0,observing
1779516197.5823264,near_suspicious,1.9261202812194824,0.0,0.0,0.0,0.0,0.0,0.0,observing
1779516197.719336,near_suspicious,1.9140394926071167,0.0,0.0,0.0,0.0,0.0,0.0,observing
1779516197.780073,near_suspicious,1.9170013666152954,0.0,0.0,0.0,0.0,0.0,0.0,observing
1779516197.9146326,near_suspicious,1.88827383518219,0.0,0.0,0.0,0.0,0.0,0.0,observing
1779516197.980523,near_suspicious,1.9237089157104492,0.0,0.0,0.0,0.0,0.0,0.0,observing
1779516198.1148732,near_suspicious,1.880907416343689,0.0,0.0,0.0,0.0,0.0,0.0,observing
1779516198.1804507,near_suspicious,1.8758692741394043,0.0,0.0,0.0,0.0,0.0,0.0,observing
1779516198.2466803,near_suspicious,1.8664474487304688,0.0,0.0,0.0,0.0,0.0,0.0,observing
1779516198.3795667,near_suspicious,1.882430911064148,0.0,0.0,0.0,0.0,0.0,0.0,observing
1779516198.446978,near_suspicious,1.8332403898239136,0.0,0.0,0.0,0.0,0.0,0.0,observing
1779516198.5127232,near_suspicious,1.881763219833374,0.0,0.0,0.0,0.0,0.0,0.0,observing
1779516198.6466706,near_suspicious,1.9156391620635986,0.4965779185295105,0.0,0.0,0.0,0.0,0.0,observing
1779516198.7138126,near_suspicious,1.835693120956421,0.6357841491699219,0.0,0.0,0.0,0.0,0.0,observing
1779516198.8488793,near_suspicious,1.9241501092910767,0.6582323908805847,0.0,0.0,0.0,0.0,0.0,observing
1779516198.9132328,near_suspicious,1.9954421520233154,0.57787024974823,0.0,0.0,0.0,0.0,0.0,observing
1779516198.9799948,near_suspicious,2.022023916244507,0.5505562424659729,0.0,0.0,0.0,0.0,0.0,observing
1779516199.1144023,near_suspicious,2.1859068870544434,0.4768185019493103,0.0,0.0,0.0,0.0,0.0,observing
1779516199.1801794,near_suspicious,2.416823148727417,0.4670446813106537,0.0,0.0,0.0,0.0,0.0,observing
1779516199.3186288,near_suspicious,2.8505284786224365,0.3239472806453705,0.0,0.0,0.0,0.0,0.0,observing
1779516199.3809867,near_suspicious,2.9976415634155273,0.2456474006175995,0.0,0.0,0.0,0.0,0.0,observing
1779516199.4461467,near_suspicious,3.128297805786133,0.040141135454177856,0.0,0.0,0.0,0.0,0.0,observing
1779516199.5801396,near_suspicious,3.4480011463165283,0.0,0.0,0.0,0.0,0.0,0.0,observing
1779516199.6465592,near_suspicious,3.5372467041015625,0.0,0.0,0.0,0.0,0.0,0.0,observing
1779516199.782324,near_suspicious,3.8277487754821777,0.0,0.0,0.0,0.0,0.0,0.0,observing
1779516199.8465662,near_suspicious,4.000002861022949,0.0,0.0,0.0,0.0,0.0,0.0,observing
1779516199.9132261,near_suspicious,4.144360065460205,0.0,0.0,0.0,0.0,0.0,0.0,observing
1779516200.0471642,near_suspicious,4.29680871963501,0.0,0.0,0.0,0.0,0.0,0.0,observing
1779516200.1133654,near_suspicious,4.3908209800720215,0.0,0.0,0.0,0.0,0.0,0.0,observing
1779516200.1800957,near_suspicious,4.511557102203369,0.0,0.0,0.0,0.0,0.0,0.0,observing
1779516200.3136764,near_suspicious,4.798985958099365,0.0,0.0,0.0,0.0,0.0,0.0,observing
1779516200.3802814,near_suspicious,4.988647937774658,0.0,0.0,0.0,0.0,0.0,0.0,observing
1779516200.4469528,near_suspicious,5.186836242675781,0.0,0.0,0.0,0.0,0.0,0.0,observing
1779516200.5801175,near_suspicious,5.453595161437988,0.0,0.0,0.0,0.0,0.0,0.0,observing
1779516200.6461775,near_suspicious,5.5078816413879395,0.0,0.0,0.0,0.0,0.0,0.0,observing
1779516200.7135992,near_suspicious,5.626510143280029,0.0,0.0,0.0,0.0,0.0,0.0,observing
1779516200.8470495,near_suspicious,5.736025333404541,0.0,0.0,0.0,0.0,0.0,0.0,observing
1779516200.9128783,near_suspicious,5.803163051605225,0.0,0.0,0.0,0.0,0.0,0.0,observing
1779516201.046707,near_suspicious,6.084079265594482,0.0,0.0,0.0,0.0,0.0,0.0,observing
1779516201.1131186,near_suspicious,5.991977214813232,0.0,0.0,0.0,0.0,0.0,0.0,observing
1779516201.180021,near_suspicious,6.08137845993042,0.0,0.0,0.0,0.0,0.0,0.0,observing
1779516201.3131516,near_suspicious,6.221646308898926,0.0,0.0,0.0,0.0,0.0,0.0,observing
1779516201.380217,near_suspicious,6.3150634765625,0.0,0.0,0.0,0.0,0.0,0.0,observing
1779516201.4480731,near_suspicious,6.406009674072266,0.0,0.0,0.0,0.0,0.0,0.0,observing
1779516201.5799348,near_suspicious,6.567121505737305,0.0,0.0,0.0,0.0,0.0,0.0,observing
1779516201.6471422,near_suspicious,6.614450454711914,0.0,0.0,0.0,0.0,0.0,0.0,observing
1779516201.78004,near_suspicious,6.673989772796631,0.0,0.0,0.0,0.0,0.0,0.0,observing
1779516201.8466048,near_suspicious,6.655299663543701,0.0,0.0,0.0,0.0,0.0,0.0,observing
1779516201.9135098,near_suspicious,6.605589389801025,0.0,0.0,0.0,0.0,0.0,0.0,observing
1779516202.0464664,near_suspicious,6.483304977416992,0.0,0.0,0.0,0.0,0.0,0.0,observing
1779516202.1131895,near_suspicious,6.469592571258545,0.0,0.0,0.0,0.0,0.0,0.0,observing
1779516202.1801367,near_suspicious,6.547057151794434,0.0,0.0,0.0,0.0,0.0,0.0,observing
1779516202.3135705,near_suspicious,6.596536636352539,0.0,0.0,0.0,0.0,0.0,0.0,observing
1779516202.3798196,near_suspicious,6.617389678955078,0.0,0.0,0.0,0.0,0.0,0.0,observing
1779516202.4470282,near_suspicious,6.608923435211182,0.0,0.0,0.0,0.0,0.0,0.0,observing
1779516202.5128686,near_suspicious,6.631338119506836,0.0,0.0,0.0,0.0,0.0,0.0,observing
1779516202.5804305,near_suspicious,6.565523624420166,0.0,0.0,0.0,0.0,0.0,0.0,observing
1779516202.646235,near_suspicious,6.5532684326171875,0.0,0.0,0.0,0.0,0.0,0.0,observing
1779516202.7800786,near_suspicious,6.381085395812988,0.0,0.0,0.0,0.0,0.0,0.0,observing
1779516202.8479383,near_suspicious,6.443223476409912,0.0,0.0,0.0,0.0,0.0,0.0,observing
1779516202.9810746,near_suspicious,6.1275177001953125,0.0,0.0,0.0,0.0,0.0,0.0,observing
1779516203.04681,near_suspicious,5.94467830657959,0.0,0.0,0.0,0.0,0.0,0.0,observing
1779516203.1143758,near_suspicious,5.759044647216797,0.0,0.0,0.0,0.0,0.0,0.0,observing
1779516203.2469044,near_suspicious,5.454814910888672,0.0,0.0,0.0,0.0,0.0,0.0,observing
1779516203.3127594,near_suspicious,5.322325229644775,0.0,0.0,0.0,0.0,0.0,0.0,observing
1779516203.4464645,near_suspicious,5.031411647796631,0.0,0.0,0.0,0.0,0.0,0.0,observing
1779516203.5136616,near_suspicious,4.952639102935791,0.0,0.0,0.0,0.0,0.0,0.0,observing
1779516203.5794637,near_suspicious,4.798194885253906,0.0,0.0,0.0,0.0,0.0,0.0,observing
1779516203.7136345,near_suspicious,4.628918170928955,0.0,0.0,0.0,0.0,0.0,0.0,observing
1779516203.779973,near_suspicious,4.545366287231445,0.0,0.0,0.0,0.0,0.0,0.0,observing
1779516203.8461442,near_suspicious,4.40009880065918,0.0,0.0,0.0,0.0,0.0,0.0,observing
1779516203.9822626,near_suspicious,4.189596652984619,0.0,0.0,0.0,0.0,0.0,0.0,observing
1779516204.0469804,near_suspicious,4.045226097106934,0.0,0.0,0.0,0.0,0.0,0.0,observing
1779516204.1816106,near_suspicious,3.7865920066833496,0.0,0.0,0.0,0.0,0.0,0.0,observing
1779516204.2466688,near_suspicious,3.5976638793945312,0.0,0.0,0.0,0.0,0.0,0.0,observing
1779516204.313302,near_suspicious,3.3961260318756104,0.0,0.0,0.0,0.0,0.0,0.0,observing
1779516204.4472337,near_suspicious,3.055410385131836,0.0,0.0,0.0,0.0,0.0,0.0,observing
1779516204.5161366,near_suspicious,2.905564069747925,0.05499543994665146,0.0,0.0,0.0,0.0,0.0,observing
1779516204.580499,near_suspicious,2.8279943466186523,0.18282867968082428,0.0,0.0,0.0,0.0,0.0,observing
1779516204.7130086,near_suspicious,2.641493558883667,0.4325719177722931,0.0,0.0,0.0,0.0,0.0,observing
1779516204.779975,near_suspicious,2.556051731109619,0.5210486054420471,0.0,0.0,0.0,0.0,0.0,observing
1779516204.9131076,near_suspicious,2.3875443935394287,0.5910339951515198,0.0,0.0,0.0,0.0,0.0,observing
1779516204.9797757,near_suspicious,2.3123040199279785,0.6395145654678345,0.0,0.0,0.0,0.0,0.0,observing
1779516205.0461938,near_suspicious,2.247305393218994,0.7055897116661072,0.0,0.0,0.0,0.0,0.0,observing
1779516205.1822393,near_suspicious,2.0955965518951416,0.8555890917778015,0.0,0.0,0.0,0.0,0.0,observing
1779516205.2473452,near_suspicious,2.081603765487671,0.8666431903839111,0.0,0.0,0.0,0.0,0.0,observing
1779516205.3818915,near_suspicious,1.9616467952728271,0.9697710871696472,0.0,0.0,0.0,0.0,0.0,observing
1779516205.4477053,near_suspicious,1.8895044326782227,1.0,0.0,0.0,0.0,0.0,0.0,observing
1779516205.514473,near_suspicious,1.824425220489502,1.0,0.0,0.0,0.0,0.0,0.0,observing
1779516205.6465936,near_suspicious,1.7267277240753174,0.8727774620056152,0.0,0.0,0.0,0.0,0.0,observing
1779516205.7128093,near_suspicious,1.7013217210769653,0.5890541076660156,0.0,0.0,0.0,0.0,0.0,observing
1779516205.8467069,near_suspicious,1.72532057762146,0.40124058723449707,0.0,0.0,0.0,0.0,0.0,observing
1779516205.9137874,near_suspicious,1.7208542823791504,0.3188169002532959,0.0,0.0,0.0,0.0,0.0,observing
1779516205.9799736,near_suspicious,1.7172776460647583,0.11009091138839722,0.0,0.0,0.0,0.0,0.0,observing
1779516206.1127598,near_suspicious,1.741023063659668,0.0,0.0,0.0,0.0,0.0,0.0,observing
1779516206.1801224,near_suspicious,1.740654706954956,0.0,0.0,0.0,0.0,0.0,0.0,observing
1779516206.2461097,near_suspicious,1.7233916521072388,0.0,0.0,0.0,0.0,0.0,0.0,observing
1779516206.3798528,near_suspicious,1.7106938362121582,0.0,0.0,0.0,0.0,0.0,0.0,observing
1779516206.4473042,near_suspicious,1.695340871810913,0.0,0.0,0.0,0.0,0.0,0.0,observing
1779516206.580129,near_suspicious,1.686571717262268,0.0,0.0,0.0,0.0,0.0,0.0,observing
1779516206.646165,near_suspicious,1.6769793033599854,0.0,0.0,0.0,0.0,0.0,0.0,observing
1779516206.7136018,near_suspicious,1.684191107749939,0.0,0.0,0.0,0.0,0.0,0.0,observing
1779516206.8465712,near_suspicious,1.676971673965454,0.0,0.0,0.0,0.0,0.0,0.0,observing
1779516206.9132574,near_suspicious,1.6963694095611572,0.0,0.0,0.0,0.0,0.0,0.0,observing
1779516207.0463812,near_suspicious,1.681949496269226,0.0,0.0,0.0,0.0,0.0,0.0,observing
1779516207.1134534,near_suspicious,1.6984989643096924,0.0,0.0,0.0,0.0,0.0,0.0,observing
1779516207.2492871,near_suspicious,1.6728798151016235,0.0,0.0,0.0,0.0,0.0,0.0,observing
1779516207.3146417,near_suspicious,1.6919082403182983,0.0,0.0,0.0,0.0,0.0,0.0,observing
1779516207.447074,near_suspicious,1.6906312704086304,0.0,0.0,0.0,0.0,0.0,0.0,observing
1779516207.514536,near_suspicious,1.679262638092041,0.0,0.0,0.0,0.0,0.0,0.0,observing
1779516207.6468616,near_suspicious,1.7232065200805664,0.0,0.0,0.0,0.0,0.0,0.0,observing
1779516207.71279,near_suspicious,1.7016100883483887,0.0,0.0,0.0,0.0,0.0,0.0,observing
1779516207.8461711,near_suspicious,1.698516607284546,0.26800283789634705,0.0,0.0,0.0,0.0,0.0,observing
1779516207.9137032,near_suspicious,1.6597177982330322,0.5195294618606567,0.0,0.0,0.0,0.0,0.0,observing
1779516207.9801095,near_suspicious,1.6433446407318115,0.9813562631607056,0.0,0.0,0.0,0.0,0.0,observing
1779516208.0466118,near_suspicious,1.6233634948730469,1.0,0.0,0.0,0.0,0.0,0.0,observing
1779516208.1804621,near_suspicious,1.6262704133987427,1.0,0.0,0.0,0.0,0.0,0.0,observing
1779516208.2467067,near_suspicious,1.6153054237365723,1.0,0.0,0.0,0.0,0.0,0.0,observing
1779516208.3801587,near_suspicious,1.677074670791626,1.0,0.0,0.0,0.0,0.0,0.0,observing
1779516208.4471776,near_suspicious,1.7079193592071533,1.0,0.0,0.0,0.0,0.0,0.0,observing
1779516208.5801108,near_suspicious,1.8347874879837036,1.0,0.0,0.0,0.0,0.0,0.0,observing
1779516208.6461163,near_suspicious,1.9639732837677002,0.9075495600700378,0.0,0.0,0.0,0.0,0.0,observing
1779516208.7137418,near_suspicious,2.040573835372925,0.7813652157783508,0.0,0.0,0.0,0.0,0.0,observing
1779516208.7798977,near_suspicious,2.1477057933807373,0.71077561378479,0.0,0.0,0.0,0.0,0.0,observing
1779516208.9129574,near_suspicious,2.4703099727630615,0.5067818760871887,0.0,0.0,0.0,0.0,0.0,observing
1779516209.3127768,near_suspicious,3.1321232318878174,0.0,0.0,0.0,0.0,0.0,0.0,observing
1779516209.513191,near_suspicious,3.5127100944519043,0.0,0.0,0.0,0.0,0.0,0.0,observing
1779516209.646921,near_suspicious,3.81036376953125,0.0,0.0,0.0,0.0,0.0,0.0,observing
1779516209.7128205,near_suspicious,3.915538787841797,0.0,0.0,0.0,0.0,0.0,0.0,observing
1779516209.7800584,near_suspicious,4.023174285888672,0.0,0.0,0.0,0.0,0.0,0.0,observing
1779516209.8467226,near_suspicious,4.115633964538574,0.0,0.0,0.0,0.0,0.0,0.0,observing
1779516209.979461,near_suspicious,4.471444606781006,0.0,0.0,0.0,0.0,0.0,0.0,observing
1779516210.0464337,near_suspicious,4.664997577667236,0.0,0.0,0.0,0.0,0.0,0.0,observing
1779516210.1127598,near_suspicious,4.884226322174072,0.0,0.0,0.0,0.0,0.0,0.0,observing
1779516210.246662,near_suspicious,5.224032878875732,0.0,0.0,0.0,0.0,0.0,0.0,observing
1779516210.3138783,near_suspicious,5.346668243408203,0.0,0.0,0.0,0.0,0.0,0.0,observing
1779516210.3800426,near_suspicious,5.302016735076904,0.0,0.0,0.0,0.0,0.0,0.0,observing
1779516210.5132182,near_suspicious,5.241750240325928,0.0,0.0,0.0,0.0,0.0,0.0,observing
1779516210.5800724,near_suspicious,5.279876232147217,0.0,0.0,0.0,0.0,0.0,0.0,observing
1779516210.6464357,near_suspicious,5.268235206604004,0.0,0.0,0.0,0.0,0.0,0.0,observing
1779516210.7799757,near_suspicious,5.631862640380859,0.0,0.0,0.0,0.06542942672967911,0.0008844060939736664,0.0,observing
1779516210.847452,near_suspicious,5.743720054626465,0.0,0.0,0.0,0.0,0.005781371146440506,0.0,observing
1779516210.9131312,near_suspicious,5.636266708374023,0.0,0.0,0.0,0.0,0.0,0.0,observing
1779516211.0464716,near_suspicious,5.882583141326904,0.0,0.0,0.0,0.0,0.0,0.0,observing
1779516211.114336,near_suspicious,6.017527103424072,0.0,0.0,0.0,0.0,0.0,0.0,observing
1779516211.246632,near_suspicious,6.040082931518555,0.0,0.0,0.0,0.0,0.0,0.0,observing
1779516211.3193645,near_suspicious,6.216702461242676,0.0,0.0,0.0,0.0,0.0,0.0,observing
1779516211.3799129,near_suspicious,6.186853885650635,0.0,0.0,0.0,0.0,0.0,0.0,observing
1779516211.5133913,near_suspicious,6.382508754730225,0.0,0.0,0.0,0.0,0.0,0.0,observing
1779516211.5795906,near_suspicious,6.039275169372559,0.0,0.0,0.0,0.0,0.0,0.0,observing
1779516211.713364,near_suspicious,5.980053901672363,0.0,0.0,0.0,0.0,0.0,0.0,observing
1779516211.7797928,near_suspicious,5.949611186981201,0.0,0.0,0.0,0.0,0.0,0.0,observing
